Workbook

Sheet Master_sheet
A1: RED CHILLI CULTIVATION AREA AND PRODUCTION ANALYSIS
A2: STATE | B2: 2020-21 AREA | C2: 2020-21 PRODUCTION | D2: 2020-21 Yield | E2: 2021-22 AREA | F2: 2021-22 PRODUCTION | G2: 2021-22 Yield | H2: 2022-23 AREA | I2: 2022-23 PRODUCTION | J2: 2022-23 Yield | K2: 2023-24 AREA | L2: 2023-24 PRODUCTION | M2: 2023-24 Yield | N2: 2024-25 AREA | O2: 2024-25 PRODUCTION | P2: 2024-25 Yield
A3: Andaman & Nicobar | B3: 35 | C3: 118 | D3: =IF(B3=0,0,C3/B3) -> 3.3714286 | E3: 98 | F3: 340 | G3: =IF(E3=0,0,F3/E3) -> 3.4693878 | H3: 95 | I3: 370 | J3: =IF(H3=0,0,I3/H3) -> 3.8947368 | K3: 63 | L3: 167 | M3: =IF(K3=0,0,L3/K3) -> 2.6507937 | N3: 63 | O3: 167 | P3: =IF(N3=0,0,O3/N3) -> 2.6507937
A4: Andhra Pradesh | B4: 177456 | C4: 796653 | D4: =IF(B4=0,0,C4/B4) -> 4.4892988 | E4: 225067 | F4: 417813 | G4: =IF(E4=0,0,F4/E4) -> 1.8563939 | H4: 258204 | I4: 1458787 | J4: =IF(H4=0,0,I4/H4) -> 5.6497459 | K4: 269748 | L4: 1212896 | M4: =IF(K4=0,0,L4/K4) -> 4.4964041 | N4: 176572 | O4: 1032946 | P4: =IF(N4=0,0,O4/N4) -> 5.8499989
A5: Arunachal Pradesh | B5: 1062 | C5: 2377 | D5: =IF(B5=0,0,C5/B5) -> 2.2382298 | E5: 3 | F5: 5 | G5: =IF(E5=0,0,F5/E5) -> 1.6666667 | H5: 323 | I5: 978 | J5: =IF(H5=0,0,I5/H5) -> 3.0278638 | K5: 5 | L5: 15 | M5: =IF(K5=0,0,L5/K5) -> 3 | N5: 5 | O5: 15 | P5: =IF(N5=0,0,O5/N5) -> 3
A6: Assam | B6: 20459 | C6: 20189 | D6: =IF(B6=0,0,C6/B6) -> 0.98680287 | E6: 20307 | F6: 20611 | G6: =IF(E6=0,0,F6/E6) -> 1.0149702 | H6: 21536 | I6: 22270 | J6: =IF(H6=0,0,I6/H6) -> 1.0340825 | K6: 20907 | L6: 21682 | M6: =IF(K6=0,0,L6/K6) -> 1.0370689 | N6: 21002 | O6: 21794 | P6: =IF(N6=0,0,O6/N6) -> 1.0377107
A7: Bihar | B7: 1622 | C7: 3652 | D7: =IF(B7=0,0,C7/B7) -> 2.2515413 | E7: 1338 | F7: 3617 | G7: =IF(E7=0,0,F7/E7) -> 2.7032885 | H7: 1450 | I7: 2961 | J7: =IF(H7=0,0,I7/H7) -> 2.042069 | K7: 2646 | L7: 4644 | M7: =IF(K7=0,0,L7/K7) -> 1.755102 | N7: 2646 | O7: 4644 | P7: =IF(N7=0,0,O7/N7) -> 1.755102
A8: Chhattisgarh | B8: 5415 | C8: 3249 | D8: =IF(B8=0,0,C8/B8) -> 0.6 | E8: 4720 | F8: 3107 | G8: =IF(E8=0,0,F8/E8) -> 0.65826271 | H8: 4901 | I8: 3204 | J8: =IF(H8=0,0,I8/H8) -> 0.65374413 | K8: 4443 | L8: 2909 | M8: =IF(K8=0,0,L8/K8) -> 0.65473779 | N8: 4443 | O8: 2909 | P8: =IF(N8=0,0,O8/N8) -> 0.65473779
A9: Goa | B9: 0 | C9: 0 | D9: =IF(B9=0,0,C9/B9) -> 0 | E9: 0 | F9: 0 | G9: =IF(E9=0,0,F9/E9) -> 0 | H9: 0 | I9: 0 | J9: =IF(H9=0,0,I9/H9) -> 0 | K9: 0 | L9: 0 | M9: =IF(K9=0,0,L9/K9) -> 0 | N9: 0 | O9: 0 | P9: =IF(N9=0,0,O9/N9) -> 0
A10: Gujarat | B10: 11930 | C10: 23345 | D10: =IF(B10=0,0,C10/B10) -> 1.9568315 | E10: 14388 | F10: 28778 | G10: =IF(E10=0,0,F10/E10) -> 2.000139 | H10: 14059 | I10: 30651 | J10: =IF(H10=0,0,I10/H10) -> 2.1801693 | K10: 15380 | L10: 36128 | M10: =IF(K10=0,0,L10/K10) -> 2.3490247 | N10: 15380 | O10: 36128 | P10: =IF(N10=0,0,O10/N10) -> 2.3490247
A11: Haryana | B11: 0 | C11: 0 | D11: =IF(B11=0,0,C11/B11) -> 0 | E11: 0 | F11: 0 | G11: =IF(E11=0,0,F11/E11) -> 0 | H11: 0 | I11: 0 | J11: =IF(H11=0,0,I11/H11) -> 0 | K11: 0 | L11: 0 | M11: =IF(K11=0,0,L11/K11) -> 0 | N11: 0 | O11: 0 | P11: =IF(N11=0,0,O11/N11) -> 0
A12: Himachal Pradesh | B12: 643 | C12: 397 | D12: =IF(B12=0,0,C12/B12) -> 0.61741835 | E12: 692 | F12: 433 | G12: =IF(E12=0,0,F12/E12) -> 0.62572254 | H12: 600 | I12: 367 | J12: =IF(H12=0,0,I12/H12) -> 0.61166667 | K12: 515 | L12: 322 | M12: =IF(K12=0,0,L12/K12) -> 0.62524272 | N12: 535 | O12: 337 | P12: =IF(N12=0,0,O12/N12) -> 0.62990654
A13: Jharkhand | B13: 0 | C13: 0 | D13: =IF(B13=0,0,C13/B13) -> 0 | E13: 0 | F13: 0 | G13: =IF(E13=0,0,F13/E13) -> 0 | H13: 0 | I13: 0 | J13: =IF(H13=0,0,I13/H13) -> 0 | K13: 0 | L13: 0 | M13: =IF(K13=0,0,L13/K13) -> 0 | N13: 0 | O13: 0 | P13: =IF(N13=0,0,O13/N13) -> 0
A14: Karnataka | B14: 85598 | C14: 147049 | D14: =IF(B14=0,0,C14/B14) -> 1.7179023 | E14: 130391 | F14: 177311 | G14: =IF(E14=0,0,F14/E14) -> 1.3598408 | H14: 109730 | I14: 162833 | J14: =IF(H14=0,0,I14/H14) -> 1.4839424 | K14: 170915 | L14: 280628 | M14: =IF(K14=0,0,L14/K14) -> 1.6419156 | N14: 219260 | O14: 336520 | P14: =IF(N14=0,0,O14/N14) -> 1.5347989
... A32: Jammu and Kashmir | B32: 664 | C32: 551 | D32: =IF(B32=0,0,C32/B32) -> 0.82981928 | E32: 639 | F32: 512 | G32: =IF(E32=0,0,F32/E32) -> 0.80125196 | H32: 613 | I32: 470 | J32: =IF(H32=0,0,I32/H32) -> 0.76672104 | K32: 714 | L32: 558 | M32: =IF(K32=0,0,L32/K32) -> 0.78151261 | N32: 685 | O32: 520 | P32: =IF(N32=0,0,O32/N32) -> 0.75912409

Sheet Yield&Production_Summary
A2: State | B2: Avg Yield | C2: Max Yield | D2: Min Yield | E2: Rank of Avg Yield | F2: Total Production of 5 Years | G2: Production Rank of 5 Years | H2: Avg Production | I2: Avg Production Rank of 5 Years
A3: =Master_sheet!A3 -> Andaman & Nicobar | B3: =AVERAGE(Master_sheet!D3,Master_sheet!G3,Master_sheet!J3,Master_sheet!M3,Master_sheet!P3) -> 3.2074281 | C3: =MAX(Master_sheet!D3,Master_sheet!G3,Master_sheet!J3,Master_sheet!M3,Master_sheet!P3) -> 3.8947368 | D3: =MIN(Master_sheet!D3,Master_sheet!G3,Master_sheet!J3,Master_sheet!M3,Master_sheet!P3) -> 2.6507937 | E3: =RANK(B3,$B$3:$B$32,0) -> 5 | F3: =SUM(Master_sheet!C3,Master_sheet!F3,Master_sheet!I3,Master_sheet!L3,Master_sheet!O3) -> 1162 | G3: =RANK(F3,$F$3:$F$32,0) -> 24 | H3: =F3/5 -> 232.4 | I3: =RANK(H3,$H$3:$H$32,0) -> 24
A4: =Master_sheet!A4 -> Andhra Pradesh | B4: =AVERAGE(Master_sheet!D4,Master_sheet!G4,Master_sheet!J4,Master_sheet!M4,Master_sheet!P4) -> 4.4683683 | C4: =MAX(Master_sheet!D4,Master_sheet!G4,Master_sheet!J4,Master_sheet!M4,Master_sheet!P4) -> 5.8499989 | D4: =MIN(Master_sheet!D4,Master_sheet!G4,Master_sheet!J4,Master_sheet!M4,Master_sheet!P4) -> 1.8563939 | E4: =RANK(B4,$B$3:$B$32,0) -> 3 | F4: =SUM(Master_sheet!C4,Master_sheet!F4,Master_sheet!I4,Master_sheet!L4,Master_sheet!O4) -> 4919095 | G4: =RANK(F4,$F$3:$F$32,0) -> 1 | H4: =F4/5 -> 983819 | I4: =RANK(H4,$H$3:$H$32,0) -> 1
A5: =Master_sheet!A5 -> Arunachal Pradesh | B5: =AVERAGE(Master_sheet!D5,Master_sheet!G5,Master_sheet!J5,Master_sheet!M5,Master_sheet!P5) -> 2.586552 | C5: =MAX(Master_sheet!D5,Master_sheet!G5,Master_sheet!J5,Master_sheet!M5,Master_sheet!P5) -> 3.0278638 | D5: =MIN(Master_sheet!D5,Master_sheet!G5,Master_sheet!J5,Master_sheet!M5,Master_sheet!P5) -> 1.6666667 | E5: =RANK(B5,$B$3:$B$32,0) -> 8 | F5: =SUM(Master_sheet!C5,Master_sheet!F5,Master_sheet!I5,Master_sheet!L5,Master_sheet!O5) -> 3390 | G5: =RANK(F5,$F$3:$F$32,0) -> 21 | H5: =F5/5 -> 678 | I5: =RANK(H5,$H$3:$H$32,0) -> 21
A6: =Master_sheet!A6 -> Assam | B6: =AVERAGE(Master_sheet!D6,Master_sheet!G6,Master_sheet!J6,Master_sheet!M6,Master_sheet!P6) -> 1.022127 | C6: =MAX(Master_sheet!D6,Master_sheet!G6,Master_sheet!J6,Master_sheet!M6,Master_sheet!P6) -> 1.0377107 | D6: =MIN(Master_sheet!D6,Master_sheet!G6,Master_sheet!J6,Master_sheet!M6,Master_sheet!P6) -> 0.98680287 | E6: =RANK(B6,$B$3:$B$32,0) -> 18 | F6: =SUM(Master_sheet!C6,Master_sheet!F6,Master_sheet!I6,Master_sheet!L6,Master_sheet!O6) -> 106546 | G6: =RANK(F6,$F$3:$F$32,0) -> 9 | H6: =F6/5 -> 21309.2 | I6: =RANK(H6,$H$3:$H$32,0) -> 9
A7: =Master_sheet!A7 -> Bihar | B7: =AVERAGE(Master_sheet!D7,Master_sheet!G7,Master_sheet!J7,Master_sheet!M7,Master_sheet!P7) -> 2.1014206 | C7: =MAX(Master_sheet!D7,Master_sheet!G7,Master_sheet!J7,Master_sheet!M7,Master_sheet!P7) -> 2.7032885 | D7: =MIN(Master_sheet!D7,Master_sheet!G7,Master_sheet!J7,Master_sheet!M7,Master_sheet!P7) -> 1.755102 | E7: =RANK(B7,$B$3:$B$32,0) -> 11 | F7: =SUM(Master_sheet!C7,Master_sheet!F7,Master_sheet!I7,Master_sheet!L7,Master_sheet!O7) -> 19518 | G7: =RANK(F7,$F$3:$F$32,0) -> 17 | H7: =F7/5 -> 3903.6 | I7: =RANK(H7,$H$3:$H$32,0) -> 17
A8: =Master_sheet!A8 -> Chhattisgarh | B8: =AVERAGE(Master_sheet!D8,Master_sheet!G8,Master_sheet!J8,Master_sheet!M8,Master_sheet!P8) -> 0.64429649 | C8: =MAX(Master_sheet!D8,Master_sheet!G8,Master_sheet!J8,Master_sheet!M8,Master_sheet!P8) -> 0.65826271 | D8: =MIN(Master_sheet!D8,Master_sheet!G8,Master_sheet!J8,Master_sheet!M8,Master_sheet!P8) -> 0.6 | E8: =RANK(B8,$B$3:$B$32,0) -> 22 | F8: =SUM(Master_sheet!C8,Master_sheet!F8,Master_sheet!I8,Master_sheet!L8,Master_sheet!O8) -> 15378 | G8: =RANK(F8,$F$3:$F$32,0) -> 19 | H8: =F8/5 -> 3075.6 | I8: =RANK(H8,$H$3:$H$32,0) -> 19
A9: =Master_sheet!A9 -> Goa | B9: =AVERAGE(Master_sheet!D9,Master_sheet!G9,Master_sheet!J9,Master_sheet!M9,Master_sheet!P9) -> 0 | C9: =MAX(Master_sheet!D9,Master_sheet!G9,Master_sheet!J9,Master_sheet!M9,Master_sheet!P9) -> 0 | D9: =MIN(Master_sheet!D9,Master_sheet!G9,Master_sheet!J9,Master_sheet!M9,Master_sheet!P9) -> 0 | E9: =RANK(B9,$B$3:$B$32,0) -> 25 | F9: =SUM(Master_sheet!C9,Master_sheet!F9,Master_sheet!I9,Master_sheet!L9,Master_sheet!O9) -> 0 | G9: =RANK(F9,$F$3:$F$32,0) -> 25 | H9: =F9/5 -> 0 | I9: =RANK(H9,$H$3:$H$32,0) -> 25
A10: =Master_sheet!A10 -> Gujarat | B10: =AVERAGE(Master_sheet!D10,Master_sheet!G10,Master_sheet!J10,Master_sheet!M10,Master_sheet!P10) -> 2.1670378 | C10: =MAX(Master_sheet!D10,Master_sheet!G10,Master_sheet!J10,Master_sheet!M10,Master_sheet!P10) -> 2.3490247 | D10: =MIN(Master_sheet!D10,Master_sheet!G10,Master_sheet!J10,Master_sheet!M10,Master_sheet!P10) -> 1.9568315 | E10: =RANK(B10,$B$3:$B$32,0) -> 10 | F10: =SUM(Master_sheet!C10,Master_sheet!F10,Master_sheet!I10,Master_sheet!L10,Master_sheet!O10) -> 155030 | G10: =RANK(F10,$F$3:$F$32,0) -> 6 | H10: =F10/5 -> 31006 | I10: =RANK(H10,$H$3:$H$32,0) -> 6
A11: =Master_sheet!A11 -> Haryana | B11: =AVERAGE(Master_sheet!D11,Master_sheet!G11,Master_sheet!J11,Master_sheet!M11,Master_sheet!P11) -> 0 | C11: =MAX(Master_sheet!D11,Master_sheet!G11,Master_sheet!J11,Master_sheet!M11,Master_sheet!P11) -> 0 | D11: =MIN(Master_sheet!D11,Master_sheet!G11,Master_sheet!J11,Master_sheet!M11,Master_sheet!P11) -> 0 | E11: =RANK(B11,$B$3:$B$32,0) -> 25 | F11: =SUM(Master_sheet!C11,Master_sheet!F11,Master_sheet!I11,Master_sheet!L11,Master_sheet!O11) -> 0 | G11: =RANK(F11,$F$3:$F$32,0) -> 25 | H11: =F11/5 -> 0 | I11: =RANK(H11,$H$3:$H$32,0) -> 25
A12: =Master_sheet!A12 -> Himachal Pradesh | B12: =AVERAGE(Master_sheet!D12,Master_sheet!G12,Master_sheet!J12,Master_sheet!M12,Master_sheet!P12) -> 0.62199136 | C12: =MAX(Master_sheet!D12,Master_sheet!G12,Master_sheet!J12,Master_sheet!M12,Master_sheet!P12) -> 0.62990654 | D12: =MIN(Master_sheet!D12,Master_sheet!G12,Master_sheet!J12,Master_sheet!M12,Master_sheet!P12) -> 0.61166667 | E12: =RANK(B12,$B$3:$B$32,0) -> 23 | F12: =SUM(Master_sheet!C12,Master_sheet!F12,Master_sheet!I12,Master_sheet!L12,Master_sheet!O12) -> 1856 | G12: =RANK(F12,$F$3:$F$32,0) -> 23 | H12: =F12/5 -> 371.2 | I12: =RANK(H12,$H$3:$H$32,0) -> 23
A13: =Master_sheet!A13 -> Jharkhand | B13: =AVERAGE(Master_sheet!D13,Master_sheet!G13,Master_sheet!J13,Master_sheet!M13,Master_sheet!P13) -> 0 | C13: =MAX(Master_sheet!D13,Master_sheet!G13,Master_sheet!J13,Master_sheet!M13,Master_sheet!P13) -> 0 | D13: =MIN(Master_sheet!D13,Master_sheet!G13,Master_sheet!J13,Master_sheet!M13,Master_sheet!P13) -> 0 | E13: =RANK(B13,$B$3:$B$32,0) -> 25 | F13: =SUM(Master_sheet!C13,Master_sheet!F13,Master_sheet!I13,Master_sheet!L13,Master_sheet!O13) -> 0 | G13: =RANK(F13,$F$3:$F$32,0) -> 25 | H13: =F13/5 -> 0 | I13: =RANK(H13,$H$3:$H$32,0) -> 25
A14: =Master_sheet!A14 -> Karnataka | B14: =AVERAGE(Master_sheet!D14,Master_sheet!G14,Master_sheet!J14,Master_sheet!M14,Master_sheet!P14) -> 1.54768 | C14: =MAX(Master_sheet!D14,Master_sheet!G14,Master_sheet!J14,Master_sheet!M14,Master_sheet!P14) -> 1.7179023 | D14: =MIN(Master_sheet!D14,Master_sheet!G14,Master_sheet!J14,Master_sheet!M14,Master_sheet!P14) -> 1.3598408 | E14: =RANK(B14,$B$3:$B$32,0) -> 16 | F14: =SUM(Master_sheet!C14,Master_sheet!F14,Master_sheet!I14,Master_sheet!L14,Master_sheet!O14) -> 1104341 | G14: =RANK(F14,$F$3:$F$32,0) -> 4 | H14: =F14/5 -> 220868.2 | I14: =RANK(H14,$H$3:$H$32,0) -> 4
... A32: =Master_sheet!A32 -> Jammu and Kashmir | B32: =AVERAGE(Master_sheet!D32,Master_sheet!G32,Master_sheet!J32,Master_sheet!M32,Master_sheet!P32) -> 0.78768579 | C32: =MAX(Master_sheet!D32,Master_sheet!G32,Master_sheet!J32,Master_sheet!M32,Master_sheet!P32) -> 0.82981928 | D32: =MIN(Master_sheet!D32,Master_sheet!G32,Master_sheet!J32,Master_sheet!M32,Master_sheet!P32) -> 0.75912409 | E32: =RANK(B32,$B$3:$B$32,0) -> 21 | F32: =SUM(Master_sheet!C32,Master_sheet!F32,Master_sheet!I32,Master_sheet!L32,Master_sheet!O32) -> 2611 | G32: =RANK(F32,$F$3:$F$32,0) -> 22 | H32: =F32/5 -> 522.2 | I32: =RANK(H32,$H$3:$H$32,0) -> 22
